Date, BitPosition, BitStatus, BlockHeight, HoleDepth, Sine.0, Sine.1, Sine.10, Sine.11, Sine.12, Sine.13, Sine.14, Sine.15, Sine.16, Sine.17, Sine.18, Sine.19, Sine.2, Sine.20, Sine.21, Sine.22, Sine.23, Sine.24, Sine.3, Sine.4, Sine.5, Sine.6, Sine.7, Sine.8, Sine.9, SlipStatus, Static.0, Static.1, Static.10, Static.100, Static.101, Static.102, Static.103, Static.104, Static.105, Static.106, Static.107, Static.108, Static.109, Static.11, Static.110, Static.111, Static.112, Static.113, Static.114, Static.115, Static.116, Static.117, Static.118, Static.119, Static.12, Static.120, Static.121, Static.122, Static.123, Static.124, Static.125, Static.126, Static.127, Static.128, Static.129, Static.13, Static.130, Static.131, Static.132, Static.133, Static.134, Static.135, Static.136, Static.137, Static.138, Static.139, Static.14, Static.140, Static.141, Static.142, Static.143, Static.144, Static.145, Static.146, Static.147, Static.148, Static.149, Static.15, Static.150, Static.151, Static.152, Static.153, Static.154, Static.155, Static.156, Static.157, Static.158, Static.159, Static.16, Static.160, Static.161, Static.162, Static.163, Static.164, Static.165, Static.166, Static.167, Static.168, Static.169, Static.17, Static.170, Static.171, Static.172, Static.173, Static.174, Static.175, Static.176, Static.177, Static.178, Static.179, Static.18, Static.180, Static.181, Static.182, Static.183, Static.184, Static.185, Static.186, Static.187, Static.188, Static.189, Static.19, Static.190, Static.191, Static.192, Static.193, Static.194, Static.195, Static.196, Static.197, Static.198, Static.199, Static.2, Static.20, Static.200, Static.201, Static.202, Static.203, Static.204, Static.205, Static.206, Static.207, Static.208, Static.209, Static.21, Static.210, Static.211, Static.212, Static.213, Static.214, Static.215, Static.216, Static.217, Static.218, Static.219, Static.22, Static.220, Static.221, Static.222, Static.223, Static.224, Static.225, Static.226, Static.227, Static.228, Static.229, Static.23, Static.230, Static.231, Static.232, Static.233, Static.234, Static.235, Static.236, Static.237, Static.238, Static.239, Static.24, Static.240, Static.241, Static.242, Static.243, Static.244, Static.245, Static.246, Static.247, Static.248, Static.249, Static.25, Static.250, Static.251, Static.252, Static.253, Static.254, Static.255, Static.256, Static.257, Static.258, Static.259, Static.26, Static.260, Static.261, Static.262, Static.263, Static.264, Static.265, Static.266, Static.267, Static.268, Static.269, Static.27, Static.28, Static.29, Static.3, Static.30, Static.31, Static.32, Static.33, Static.34, Static.35, Static.36, Static.37, Static.38, Static.39, Static.4, Static.40, Static.41, Static.42, Static.43, Static.44, Static.45, Static.46, Static.47, Static.48, Static.49, Static.5, Static.50, Static.51, Static.52, Static.53, Static.54, Static.55, Static.56, Static.57, Static.58, Static.59, Static.6, Static.60, Static.61, Static.62, Static.63, Static.64, Static.65, Static.66, Static.67, Static.68, Static.69, Static.7, Static.70, Static.71, Static.72, Static.73, Static.74, Static.75, Static.76, Static.77, Static.78, Static.79, Static.8, Static.80, Static.81, Static.82, Static.83, Static.84, Static.85, Static.86, Static.87, Static.88, Static.89, Static.9, Static.90, Static.91, Static.92, Static.93, Static.94, Static.95, Static.96, Static.97, Static.98, Static.99
2018-01-01 12:00:01 AM, 0, 1, 90, 0, 82.89674, 0.4525801, 99.94978, 13.85815, 54.48525, 79.38638, 1.254452, 94.0317, 32.42722, 32.43554, 94.02749, 1.252474, 91.72908, 79.39358, 54.4764, 13.86429, 99.94938, 10.90447, 36.69718, 28.30696, 95.97579, 2.446625, 75.64671, 58.92559, 10.91001, 0, 0, 1, 10, 100, 101, 102, 103, 104, 105, 106, 107, 108, 109, 11, 110, 111, 112, 113, 114, 115, 116, 117, 118, 119, 12, 120, 121, 122, 123, 124, 125, 126, 127, 128, 129, 13, 130, 131, 132, 133, 134, 135, 136, 137, 138, 139, 14, 140, 141, 142, 143, 144, 145, 146, 147, 148, 149, 15, 150, 151, 152, 153, 154, 155, 156, 157, 158, 159, 16, 160, 161, 162, 163, 164, 165, 166, 167, 168, 169, 17, 170, 171, 172, 173, 174, 175, 176, 177, 178, 179, 18, 180, 181, 182, 183, 184, 185, 186, 187, 188, 189, 19, 190, 191, 192, 193, 194, 195, 196, 197, 198, 199, 2, 20, 200, 201, 202, 203, 204, 205, 206, 207, 208, 209, 21, 210, 211, 212, 213, 214, 215, 216, 217, 218, 219, 22, 220, 221, 222, 223, 224, 225, 226, 227, 228, 229, 23, 230, 231, 232, 233, 234, 235, 236, 237, 238, 239, 24, 240, 241, 242, 243, 244, 245, 246, 247, 248, 249, 25, 250, 251, 252, 253, 254, 255, 256, 257, 258, 259, 26, 260, 261, 262, 263, 264, 265, 266, 267, 268, 269, 27, 28, 29, 3, 30, 31, 32, 33, 34, 35, 36, 37, 38, 39, 4, 40, 41, 42, 43, 44, 45, 46, 47, 48, 49, 5, 50, 51, 52, 53, 54, 55, 56, 57, 58, 59, 6, 60, 61, 62, 63, 64, 65, 66, 67, 68, 69, 7, 70, 71, 72, 73, 74, 75, 76, 77, 78, 79, 8, 80, 81, 82, 83, 84, 85, 86, 87, 88, 89, 9, 90, 91, 92, 93, 94, 95, 96, 97, 98, 99
2018-01-01 12:00:02 AM, 0, 1, 90, 0, 36.08966, 76.72236, 47.98063, 38.04065, 74.99378, 13.94523, 94.26895, 1.012235, 99.83862, 3.245664, 89.97844, 19.95406, 12.57556, 67.74109, 45.96456, 40.01116, 73.22443, 15.37374, 95.17158, 0.6479298, 99.63584, 3.999513, 88.73304, 21.59267, 65.83864, 0, 0, 1, 10, 100, 101, 102, 103, 104, 105, 106, 107, 108, 109, 11, 110, 111, 112, 113, 114, 115, 116, 117, 118, 119, 12, 120, 121, 122, 123, 124, 125, 126, 127, 128, 129, 13, 130, 131, 132, 133, 134, 135, 136, 137, 138, 139, 14, 140, 141, 142, 143, 144, 145, 146, 147, 148, 149, 15, 150, 151, 152, 153, 154, 155, 156, 157, 158, 159, 16, 160, 161, 162, 163, 164, 165, 166, 167, 168, 169, 17, 170, 171, 172, 173, 174, 175, 176, 177, 178, 179, 18, 180, 181, 182, 183, 184, 185, 186, 187, 188, 189, 19, 190, 191, 192, 193, 194, 195, 196, 197, 198, 199, 2, 20, 200, 201, 202, 203, 204, 205, 206, 207, 208, 209, 21, 210, 211, 212, 213, 214, 215, 216, 217, 218, 219, 22, 220, 221, 222, 223, 224, 225, 226, 227, 228, 229, 23, 230, 231, 232, 233, 234, 235, 236, 237, 238, 239, 24, 240, 241, 242, 243, 244, 245, 246, 247, 248, 249, 25, 250, 251, 252, 253, 254, 255, 256, 257, 258, 259, 26, 260, 261, 262, 263, 264, 265, 266, 267, 268, 269, 27, 28, 29, 3, 30, 31, 32, 33, 34, 35, 36, 37, 38, 39, 4, 40, 41, 42, 43, 44, 45, 46, 47, 48, 49, 5, 50, 51, 52, 53, 54, 55, 56, 57, 58, 59, 6, 60, 61, 62, 63, 64, 65, 66, 67, 68, 69, 7, 70, 71, 72, 73, 74, 75, 76, 77, 78, 79, 8, 80, 81, 82, 83, 84, 85, 86, 87, 88, 89, 9, 90, 91, 92, 93, 94, 95, 96, 97, 98, 99
2018-01-01 12:00:03 AM, 0.4948561, 1, 89.50514, 0.4948561, 2.071674, 77.30657, 0.0323472, 65.95796, 90.8758, 10.75356, 31.48437, 99.79549, 40.14526, 5.819123, 85.02625, 74.22511, 82.37074, 1.171799, 53.59416, 96.78047, 19.75325, 20.45224, 4.250598, 43.69441, 99.34193, 28.19363, 13.08197, 92.83996, 62.51049, 0, 0, 1, 10, 100, 101, 102, 103, 104, 105, 106, 107, 108, 109, 11, 110, 111, 112, 113, 114, 115, 116, 117, 118, 119, 12, 120, 121, 122, 123, 124, 125, 126, 127, 128, 129, 13, 130, 131, 132, 133, 134, 135, 136, 137, 138, 139, 14, 140, 141, 142, 143, 144, 145, 146, 147, 148, 149, 15, 150, 151, 152, 153, 154, 155, 156, 157, 158, 159, 16, 160, 161, 162, 163, 164, 165, 166, 167, 168, 169, 17, 170, 171, 172, 173, 174, 175, 176, 177, 178, 179, 18, 180, 181, 182, 183, 184, 185, 186, 187, 188, 189, 19, 190, 191, 192, 193, 194, 195, 196, 197, 198, 199, 2, 20, 200, 201, 202, 203, 204, 205, 206, 207, 208, 209, 21, 210, 211, 212, 213, 214, 215, 216, 217, 218, 219, 22, 220, 221, 222, 223, 224, 225, 226, 227, 228, 229, 23, 230, 231, 232, 233, 234, 235, 236, 237, 238, 239, 24, 240, 241, 242, 243, 244, 245, 246, 247, 248, 249, 25, 250, 251, 252, 253, 254, 255, 256, 257, 258, 259, 26, 260, 261, 262, 263, 264, 265, 266, 267, 268, 269, 27, 28, 29, 3, 30, 31, 32, 33, 34, 35, 36, 37, 38, 39, 4, 40, 41, 42, 43, 44, 45, 46, 47, 48, 49, 5, 50, 51, 52, 53, 54, 55, 56, 57, 58, 59, 6, 60, 61, 62, 63, 64, 65, 66, 67, 68, 69, 7, 70, 71, 72, 73, 74, 75, 76, 77, 78, 79, 8, 80, 81, 82, 83, 84, 85, 86, 87, 88, 89, 9, 90, 91, 92, 93, 94, 95, 96, 97, 98, 99
2018-01-01 12:00:04 AM, 1.685412, 1, 88.31458, 1.685412, 12.11877, 0.5505562, 51.57708, 88.89172, 99.19144, 75.32187, 33.86324, 3.613514, 5.584706, 38.40759, 79.28278, 99.8176, 23.33085, 85.74818, 46.8474, 10.13648, 1.115501, 26.05061, 64.63603, 95.77476, 95.11748, 63.12075, 22.01011, 0.3417681, 13.16697, 0, 0, 1, 10, 100, 101, 102, 103, 104, 105, 106, 107, 108, 109, 11, 110, 111, 112, 113, 114, 115, 116, 117, 118, 119, 12, 120, 121, 122, 123, 124, 125, 126, 127, 128, 129, 13, 130, 131, 132, 133, 134, 135, 136, 137, 138, 139, 14, 140, 141, 142, 143, 144, 145, 146, 147, 148, 149, 15, 150, 151, 152, 153, 154, 155, 156, 157, 158, 159, 16, 160, 161, 162, 163, 164, 165, 166, 167, 168, 169, 17, 170, 171, 172, 173, 174, 175, 176, 177, 178, 179, 18, 180, 181, 182, 183, 184, 185, 186, 187, 188, 189, 19, 190, 191, 192, 193, 194, 195, 196, 197, 198, 199, 2, 20, 200, 201, 202, 203, 204, 205, 206, 207, 208, 209, 21, 210, 211, 212, 213, 214, 215, 216, 217, 218, 219, 22, 220, 221, 222, 223, 224, 225, 226, 227, 228, 229, 23, 230, 231, 232, 233, 234, 235, 236, 237, 238, 239, 24, 240, 241, 242, 243, 244, 245, 246, 247, 248, 249, 25, 250, 251, 252, 253, 254, 255, 256, 257, 258, 259, 26, 260, 261, 262, 263, 264, 265, 266, 267, 268, 269, 27, 28, 29, 3, 30, 31, 32, 33, 34, 35, 36, 37, 38, 39, 4, 40, 41, 42, 43, 44, 45, 46, 47, 48, 49, 5, 50, 51, 52, 53, 54, 55, 56, 57, 58, 59, 6, 60, 61, 62, 63, 64, 65, 66, 67, 68, 69, 7, 70, 71, 72, 73, 74, 75, 76, 77, 78, 79, 8, 80, 81, 82, 83, 84, 85, 86, 87, 88, 89, 9, 90, 91, 92, 93, 94, 95, 96, 97, 98, 99
2018-01-01 12:00:05 AM, 2.100141, 1, 87.89986, 2.100141, 56.9937, 63.84989, 99.98161, 99.67992, 98.40144, 96.17133, 93.03342, 89.04942, 84.29766, 78.87156, 72.8778, 66.43423, 70.43377, 59.66755, 52.71079, 45.70073, 38.7752, 32.07036, 76.6159, 82.27473, 87.29898, 91.58989, 95.06309, 97.65028, 99.30061, 0, 0, 1, 10, 100, 101, 102, 103, 104, 105, 106, 107, 108, 109, 11, 110, 111, 112, 113, 114, 115, 116, 117, 118, 119, 12, 120, 121, 122, 123, 124, 125, 126, 127, 128, 129, 13, 130, 131, 132, 133, 134, 135, 136, 137, 138, 139, 14, 140, 141, 142, 143, 144, 145, 146, 147, 148, 149, 15, 150, 151, 152, 153, 154, 155, 156, 157, 158, 159, 16, 160, 161, 162, 163, 164, 165, 166, 167, 168, 169, 17, 170, 171, 172, 173, 174, 175, 176, 177, 178, 179, 18, 180, 181, 182, 183, 184, 185, 186, 187, 188, 189, 19, 190, 191, 192, 193, 194, 195, 196, 197, 198, 199, 2, 20, 200, 201, 202, 203, 204, 205, 206, 207, 208, 209, 21, 210, 211, 212, 213, 214, 215, 216, 217, 218, 219, 22, 220, 221, 222, 223, 224, 225, 226, 227, 228, 229, 23, 230, 231, 232, 233, 234, 235, 236, 237, 238, 239, 24, 240, 241, 242, 243, 244, 245, 246, 247, 248, 249, 25, 250, 251, 252, 253, 254, 255, 256, 257, 258, 259, 26, 260, 261, 262, 263, 264, 265, 266, 267, 268, 269, 27, 28, 29, 3, 30, 31, 32, 33, 34, 35, 36, 37, 38, 39, 4, 40, 41, 42, 43, 44, 45, 46, 47, 48, 49, 5, 50, 51, 52, 53, 54, 55, 56, 57, 58, 59, 6, 60, 61, 62, 63, 64, 65, 66, 67, 68, 69, 7, 70, 71, 72, 73, 74, 75, 76, 77, 78, 79, 8, 80, 81, 82, 83, 84, 85, 86, 87, 88, 89, 9, 90, 91, 92, 93, 94, 95, 96, 97, 98, 99
2018-01-01 12:00:06 AM, 3.292655, 1, 86.70734, 3.292655, 95.43865, 87.92227, 48.86533, 94.95345, 88.65202, 37.30481, 0.7528126, 21.59438, 75.54037, 99.72115, 65.95599, 13.59543, 36.21059, 3.661417, 47.73123, 94.44511, 89.36185, 38.40557, 0.5693381, 22.53548, 76.50928, 99.58868, 64.87653, 12.82701, 4.099564, 0, 0, 1, 10, 100, 101, 102, 103, 104, 105, 106, 107, 108, 109, 11, 110, 111, 112, 113, 114, 115, 116, 117, 118, 119, 12, 120, 121, 122, 123, 124, 125, 126, 127, 128, 129, 13, 130, 131, 132, 133, 134, 135, 136, 137, 138, 139, 14, 140, 141, 142, 143, 144, 145, 146, 147, 148, 149, 15, 150, 151, 152, 153, 154, 155, 156, 157, 158, 159, 16, 160, 161, 162, 163, 164, 165, 166, 167, 168, 169, 17, 170, 171, 172, 173, 174, 175, 176, 177, 178, 179, 18, 180, 181, 182, 183, 184, 185, 186, 187, 188, 189, 19, 190, 191, 192, 193, 194, 195, 196, 197, 198, 199, 2, 20, 200, 201, 202, 203, 204, 205, 206, 207, 208, 209, 21, 210, 211, 212, 213, 214, 215, 216, 217, 218, 219, 22, 220, 221, 222, 223, 224, 225, 226, 227, 228, 229, 23, 230, 231, 232, 233, 234, 235, 236, 237, 238, 239, 24, 240, 241, 242, 243, 244, 245, 246, 247, 248, 249, 25, 250, 251, 252, 253, 254, 255, 256, 257, 258, 259, 26, 260, 261, 262, 263, 264, 265, 266, 267, 268, 269, 27, 28, 29, 3, 30, 31, 32, 33, 34, 35, 36, 37, 38, 39, 4, 40, 41, 42, 43, 44, 45, 46, 47, 48, 49, 5, 50, 51, 52, 53, 54, 55, 56, 57, 58, 59, 6, 60, 61, 62, 63, 64, 65, 66, 67, 68, 69, 7, 70, 71, 72, 73, 74, 75, 76, 77, 78, 79, 8, 80, 81, 82, 83, 84, 85, 86, 87, 88, 89, 9, 90, 91, 92, 93, 94, 95, 96, 97, 98, 99
2018-01-01 12:00:07 AM, 4.115767, 1, 85.88423, 4.115767, 92.10751, 4.587647, 0.008344358, 76.18839, 71.74785, 0.3568634, 81.79156, 65.35639, 1.646789, 86.79185, 58.67372, 3.85366, 56.86906, 91.09444, 51.82657, 6.935627, 94.61774, 44.94477, 88.00417, 2.143986, 63.60785, 83.18014, 0.6078413, 70.0886, 77.72689, 0, 0, 1, 10, 100, 101, 102, 103, 104, 105, 106, 107, 108, 109, 11, 110, 111, 112, 113, 114, 115, 116, 117, 118, 119, 12, 120, 121, 122, 123, 124, 125, 126, 127, 128, 129, 13, 130, 131, 132, 133, 134, 135, 136, 137, 138, 139, 14, 140, 141, 142, 143, 144, 145, 146, 147, 148, 149, 15, 150, 151, 152, 153, 154, 155, 156, 157, 158, 159, 16, 160, 161, 162, 163, 164, 165, 166, 167, 168, 169, 17, 170, 171, 172, 173, 174, 175, 176, 177, 178, 179, 18, 180, 181, 182, 183, 184, 185, 186, 187, 188, 189, 19, 190, 191, 192, 193, 194, 195, 196, 197, 198, 199, 2, 20, 200, 201, 202, 203, 204, 205, 206, 207, 208, 209, 21, 210, 211, 212, 213, 214, 215, 216, 217, 218, 219, 22, 220, 221, 222, 223, 224, 225, 226, 227, 228, 229, 23, 230, 231, 232, 233, 234, 235, 236, 237, 238, 239, 24, 240, 241, 242, 243, 244, 245, 246, 247, 248, 249, 25, 250, 251, 252, 253, 254, 255, 256, 257, 258, 259, 26, 260, 261, 262, 263, 264, 265, 266, 267, 268, 269, 27, 28, 29, 3, 30, 31, 32, 33, 34, 35, 36, 37, 38, 39, 4, 40, 41, 42, 43, 44, 45, 46, 47, 48, 49, 5, 50, 51, 52, 53, 54, 55, 56, 57, 58, 59, 6, 60, 61, 62, 63, 64, 65, 66, 67, 68, 69, 7, 70, 71, 72, 73, 74, 75, 76, 77, 78, 79, 8, 80, 81, 82, 83, 84, 85, 86, 87, 88, 89, 9, 90, 91, 92, 93, 94, 95, 96, 97, 98, 99
2018-01-01 12:00:08 AM, 4.716417, 1, 85.28358, 4.716417, 50.06293, 49.87415, 50.69218, 49.2449, 50.81802, 49.11906, 50.94386, 48.99323, 51.06968, 48.8674, 51.19551, 48.74158, 50.18878, 51.32132, 48.61577, 51.44713, 48.48997, 51.57293, 49.74829, 50.31464, 49.62244, 50.44049, 49.49659, 50.56633, 49.37074, 0, 0, 1, 10, 100, 101, 102, 103, 104, 105, 106, 107, 108, 109, 11, 110, 111, 112, 113, 114, 115, 116, 117, 118, 119, 12, 120, 121, 122, 123, 124, 125, 126, 127, 128, 129, 13, 130, 131, 132, 133, 134, 135, 136, 137, 138, 139, 14, 140, 141, 142, 143, 144, 145, 146, 147, 148, 149, 15, 150, 151, 152, 153, 154, 155, 156, 157, 158, 159, 16, 160, 161, 162, 163, 164, 165, 166, 167, 168, 169, 17, 170, 171, 172, 173, 174, 175, 176, 177, 178, 179, 18, 180, 181, 182, 183, 184, 185, 186, 187, 188, 189, 19, 190, 191, 192, 193, 194, 195, 196, 197, 198, 199, 2, 20, 200, 201, 202, 203, 204, 205, 206, 207, 208, 209, 21, 210, 211, 212, 213, 214, 215, 216, 217, 218, 219, 22, 220, 221, 222, 223, 224, 225, 226, 227, 228, 229, 23, 230, 231, 232, 233, 234, 235, 236, 237, 238, 239, 24, 240, 241, 242, 243, 244, 245, 246, 247, 248, 249, 25, 250, 251, 252, 253, 254, 255, 256, 257, 258, 259, 26, 260, 261, 262, 263, 264, 265, 266, 267, 268, 269, 27, 28, 29, 3, 30, 31, 32, 33, 34, 35, 36, 37, 38, 39, 4, 40, 41, 42, 43, 44, 45, 46, 47, 48, 49, 5, 50, 51, 52, 53, 54, 55, 56, 57, 58, 59, 6, 60, 61, 62, 63, 64, 65, 66, 67, 68, 69, 7, 70, 71, 72, 73, 74, 75, 76, 77, 78, 79, 8, 80, 81, 82, 83, 84, 85, 86, 87, 88, 89, 9, 90, 91, 92, 93, 94, 95, 96, 97, 98, 99
2018-01-01 12:00:09 AM, 5.440591, 1, 84.55941, 5.440591, 7.960484, 95.51711, 99.99778, 22.53722, 29.73677, 99.40222, 16.77437, 36.5719, 97.76453, 11.7124, 43.69028, 95.11926, 42.75716, 7.458101, 50.94178, 91.52222, 4.101213, 58.1734, 12.32488, 98.03452, 35.6671, 17.48403, 99.53865, 28.87939, 23.32909, 0, 0, 1, 10, 100, 101, 102, 103, 104, 105, 106, 107, 108, 109, 11, 110, 111, 112, 113, 114, 115, 116, 117, 118, 119, 12, 120, 121, 122, 123, 124, 125, 126, 127, 128, 129, 13, 130, 131, 132, 133, 134, 135, 136, 137, 138, 139, 14, 140, 141, 142, 143, 144, 145, 146, 147, 148, 149, 15, 150, 151, 152, 153, 154, 155, 156, 157, 158, 159, 16, 160, 161, 162, 163, 164, 165, 166, 167, 168, 169, 17, 170, 171, 172, 173, 174, 175, 176, 177, 178, 179, 18, 180, 181, 182, 183, 184, 185, 186, 187, 188, 189, 19, 190, 191, 192, 193, 194, 195, 196, 197, 198, 199, 2, 20, 200, 201, 202, 203, 204, 205, 206, 207, 208, 209, 21, 210, 211, 212, 213, 214, 215, 216, 217, 218, 219, 22, 220, 221, 222, 223, 224, 225, 226, 227, 228, 229, 23, 230, 231, 232, 233, 234, 235, 236, 237, 238, 239, 24, 240, 241, 242, 243, 244, 245, 246, 247, 248, 249, 25, 250, 251, 252, 253, 254, 255, 256, 257, 258, 259, 26, 260, 261, 262, 263, 264, 265, 266, 267, 268, 269, 27, 28, 29, 3, 30, 31, 32, 33, 34, 35, 36, 37, 38, 39, 4, 40, 41, 42, 43, 44, 45, 46, 47, 48, 49, 5, 50, 51, 52, 53, 54, 55, 56, 57, 58, 59, 6, 60, 61, 62, 63, 64, 65, 66, 67, 68, 69, 7, 70, 71, 72, 73, 74, 75, 76, 77, 78, 79, 8, 80, 81, 82, 83, 84, 85, 86, 87, 88, 89, 9, 90, 91, 92, 93, 94, 95, 96, 97, 98, 99
